video_id,url,title,description,published_at,channel_title,channel_id,view_count,like_count,comment_count,duration_iso,duration_seconds,content_type,language,madeForKids
eQDnuUTT-o8,https://www.youtube.com/shorts/eQDnuUTT-o8,#arcraiders,"🚨 Entertainment Purpose Only 🚨

Troll Face Edits,
Troll Face,

Related:-
Moment Before Disaster, 
Troll Face, 
Troll Face Edit,
Troll,
Moments Before Disaster, 
#trollface #troll

Tags:-
#geography#russia #usa#canada#history#worldwar#geography#maps#freepalestine#israel#nowary#geography#edit#maps#safevid#ottoman#umayyad#mughal#date#ussr#marathaempire#siwil#china#billgates#romania#japan#sealand#ohio#southkorea#ukraine#ireland#argentina#brazil#saudiarabia#turkey#greece#russia#algeria#indoneisa#usa#uk#norway#denmark#germany#france#continent#army#italy#world#korea#china#afghanistan#syria#jordan#eygpt#canada#niger#army#megustastu#albania#bulgaria#azerbaijan#vietnam#laos#cambodia#angola#poland#tazmania#angola#elsalvador#nicaragua#trollface#edit#countries#leaders#sigma#trending#northkorea#uzbekistan#gana#nato#oman#iraq#usa#conflict#meme#geographyer#ottoman#countryballs#syria#bulgaria#romania#greece#shortsvideo#viralvideo#tiktokvirals#mongolia#japan#hungary#czechia#edits#ukraine#australia#summer#finland#morocco#armenia#palestine#malaysia#iran#ıraq#mongolia#new#keşfet#türkiye#turkey#viralshorts#ww2#ww1#mapping#country#allied#real#middleeast#world#palestine#centralpowers#future#nowary#ussr#reels#shorts#meme#earth#china#japanese#italy#europe#asia#australia#fun#geography#youtube#trend#new#cuba#mexico#philipinnes#cambodia#south#north#austria#hungary#sweet#azerbaijan#edit#music#gigachad#true#animals#naberyoutube#flag#backgraund#commander#army#soldier#now#than#past#helpme#makethe#japanese#hirohito#trending#peace",2026-02-22T10:02:43Z,TtrutizZ,UCu0v-GEpv9LTn9o5cs97Awg,8083315,139591,750,PT46S,46,short,en,False
